,method,iou
0,cow,0.1772862430972753
1,cow,0.14000392901578154
2,cow,0.1549046406162639
3,cow,0.07869038741521962
4,cow,0.16357382356341774
5,cow,0.15139924153262718
6,cow,0.09966481134106214
7,cow,0.17027176927343315
8,cow,0.10816804238018972
9,cow,0.18761291779584463
10,cow,0.08840399739814322
11,cow,0.10816553678032986
12,cow,0.07442031652557968
13,cow,0.13112441616250275
14,cow,0.25045003638592056
15,cow,0.1896693085542498
16,cow,0.17470165730415585
17,cow,0.14661860834504245
18,cow,0.240372771851542
19,cow,0.15539150429626045
20,cow,0.20200515476106026
21,cow,0.165767131594906
22,cow,0.14642211843316402
23,cow,0.18985650535766774
24,cow,0.15827636874720502
25,cow,0.03309892861087589
26,cow,0.16219191792818716
27,cow,0.20523167625425717
28,cow,0.23865117439893513
29,cow,0.1734011386877453
30,cow,0.20306575046537817
31,cow,0.1550716771495163
32,cow,0.13761950129767733
33,cow,0.15355127824420267
34,cow,0.14295569282869774
35,cow,0.1274065685164213
36,cow,0.14671094244149271
37,cow,0.1305664185694462
38,cow,0.18526892589242963
39,cow,0.14135074864606562
40,cow,0.10990929210436083
41,cow,0.1987213218269838
42,cow,0.14521625975957367
43,cow,0.14654285887121166
44,cow,0.0825030589057857
45,cow,0.09373204825429246
46,cow,0.13569263857659594
47,cow,0.14558823529411766
48,cow,0.13836477987421383
49,cow,0.16068808341918767
50,cow,0.1261990503202779
51,cow,0.17419240745107287
52,cow,0.09756748640261603
53,cow,0.12797085695819502
54,cow,0.16661952798466423
55,cow,0.16516310106824755
56,cow,0.17706346178303448
57,cow,0.06335967973722029
58,cow,0.11487866108786611
59,cow,0.10406753145166547
60,cow,0.18188556995387656
61,cow,0.140308759294455
62,cow,0.11189756869515177
63,cow,0.1599608041096297
64,cow,0.1280152854072128
65,cow,0.11950904392764858
66,cow,0.1340162463706652
67,cow,0.10305806277785262
68,cow,0.09555872499917079
69,cow,0.11067140199560291
70,cow,0.11717405495222835
71,cow,0.16119241447461297
72,cow,0.20255785308069293
73,cow,0.13907430039798188
74,cow,0.15130044578277685
75,cow,0.046539284864822006
76,cow,0.13944434062169064
77,cow,0.07075600810204194
78,cow,0.15910053041810893
79,cow,0.17351026539809714
80,cow,0.10987047789191604
81,cow,0.13855702818741833
82,cow,0.17499444814568066
83,cow,0.12436055170627469
84,cow,0.09527784402575722
85,cow,0.12567026194144837
86,cow,0.14351285189718482
87,cow,0.12248362842590346
88,cow,0.13303769401330376
89,cow,0.1888385269121813
90,cow,0.16768322515411463
91,cow,0.22674768551692512
92,cow,0.15179700198663537
93,cow,0.11551832690044073
94,cow,0.1452479154921219
95,cow,0.04772857964347326
96,cow,0.12524481664077802
97,cow,0.13081071030122723
98,cow,0.2042484044933236
99,cow,0.10444268297286076
100,cow,0.15768155986059218
101,cow,0.14650160057490036
102,cow,0.2207457138101315
103,cow,0.18872493163172288
104,cow,0.1113464447806354
105,cow,0.11136677404509894
106,cow,0.14598789702212042
107,cow,0.12942978723404255
108,cow,0.13875520291363164
109,cow,0.19666424582404649
110,cow,0.1292939579090292
111,cow,0.1271947383471547
112,cow,0.10641833414110642
113,cow,0.09317698024423945
114,cow,0.14765353145866641
115,cow,0.168331791551033
116,cow,0.16209525417053477
117,cow,0.199124477671338
118,cow,0.21238413451174823
119,cow,0.15635429181684687
120,cow,0.10445627702533682
121,cow,0.1155828381971572
122,cow,0.16011984021304926
123,cow,0.1308592465978568
124,cow,0.1135373915222908
125,cow,0.143486823595611
126,cow,0.16464028053232158
127,cow,0.10769983487248486
128,cow,0.18385294207456715
129,cow,0.08654852210306042
130,cow,0.1424944564064659
131,cow,0.07572971730636635
132,cow,0.11480585785301625
133,cow,0.11719338522796571
134,cow,0.08672599381860813
135,cow,0.05229856295131193
136,cow,0.09606191668563624
137,cow,0.15085049239033124
138,cow,0.13807609031858956
139,cow,0.21501178936337437
140,cow,0.08965400843881857
141,cow,0.09089456869009585
142,cow,0.17878484631879915
143,cow,0.18623105708750232
144,cow,0.1842193963536081
145,cow,0.18085835384888707
146,cow,0.09702432235403274
147,cow,0.0922853669059105
148,cow,0.13580788764185842
149,cow,0.12145710481263078
150,cow,0.14517527561005822
151,cow,0.13263628184046414
152,cow,0.15947781600070565
153,cow,0.17737987182660836
154,cow,0.08682870868287086
155,cow,0.13518672868550533
156,cow,0.07879430808062333
157,cow,0.0892480943808174
158,cow,0.15908076165462903
159,cow,0.17224714223701346
160,cow,0.15687521867743884
161,cow,0.1746107708014293
162,cow,0.08869445251234388
163,cow,0.14681948068082992
164,cow,0.17199093477383504
165,cow,0.10335716506061549
166,cow,0.12450314142838825
167,cow,0.06858429382707752
168,cow,0.11903796236210253
169,cow,0.15876784464128085
170,cow,0.12939348635417583
171,cow,0.17441131703823082
172,cow,0.12402938820989588
173,cow,0.11760542992247563
174,cow,0.17028985507246377
175,cow,0.17607734806629835
176,cow,0.19734690168998728
177,cow,0.13853076057800467
178,cow,0.12978743624671335
179,cow,0.17327753698998655
180,cow,0.1767930445424645
181,cow,0.15516243948482172
182,cow,0.1633686281316901
183,cow,0.17068860450944545
184,cow,0.07957214409009876
185,cow,0.14326395009831175
186,cow,0.12414923564836261
187,cow,0.1464968152866242
188,cow,0.14401819560272935
189,cow,0.09929681112019624
190,cow,0.09460538735206564
191,cow,0.2086749612980907
192,cow,0.05796110604679429
193,cow,0.10713034776082062
194,cow,0.11848744796265927
195,cow,0.13039920908192137
196,cow,0.15755508743772362
197,cow,0.08730512249443208
198,cow,0.1229926121188998
199,cow,0.12280421590546152
200,cow,0.03661619321736954
201,cow,0.13420197382152121
202,cow,0.1883947608894304
203,cow,0.23904403442739453
204,cow,0.09231943031536113
205,cow,0.19975486930803868
206,cow,0.12423736323664747
207,cow,0.20065882352941178
208,cow,0.18017393496344844
209,cow,0.1389128028532776
210,cow,0.16677080729817545
211,cow,0.22838573847773352
212,cow,0.11486614173228346
213,cow,0.14784994334108667
214,cow,0.06837019212405943
215,cow,0.1938740989408489
216,cow,0.1884334784106209
217,cow,0.1922040838316901
218,cow,0.12752142386288728
219,cow,0.11368901114811061
220,cow,0.10227156625685387
221,cow,0.20290589091829953
222,cow,0.10688026779843386
223,cow,0.14679715302491103
224,cow,0.1843911067736131
225,cow,0.11473465757485918
226,cow,0.17254519673874513
227,cow,0.2028811524609844
228,cow,0.10062622179516914
229,cow,0.15166449693137438
230,cow,0.0993801582137598
231,cow,0.14744409918966672
232,cow,0.17564155264548711
233,cow,0.13389532632331477
234,cow,0.12189903429133175
235,cow,0.12342662024638458
236,cow,0.16207973016613442
237,cow,0.12764418730790092
238,cow,0.09331750339213025
239,cow,0.12078733529735504
240,cow,0.10950779036827195
241,cow,0.11005055208194758
242,cow,0.16901691677349623
243,cow,0.1221252229418943
244,cow,0.16406210616524677
245,cow,0.20337485912704456
246,cow,0.10999891981420805
247,cow,0.09816658972498846
248,cow,0.14490155061925158
249,cow,0.20033577533577535
250,cow,0.13342663172939495
251,cow,0.10357661904930701
252,cow,0.2172548438117833
253,cow,0.13244990303813833
254,cow,0.14405656208572692
255,cow,0.17331823984200004
256,cow,0.1415780261209102
257,cow,0.16069597638651545
258,cow,0.043811094099634906
259,cow,0.1521103217718345
260,cow,0.1455876231441654
261,cow,0.07969896519285043
262,cow,0.1738396149407493
263,cow,0.16743841452120764
264,cow,0.12321755027422303
265,cow,0.17862806724142902
266,cow,0.16706554020933653
267,cow,0.14103349945366842
268,cow,0.16003529379325557
269,cow,0.10607245243679958
270,cow,0.09617333566311376
271,cow,0.14173827567618988
272,cow,0.18739223193149604
273,cow,0.16813495782567947
274,cow,0.05285521404177587
275,cow,0.1633454629469185
276,cow,0.16890260672921187
277,cow,0.10222582807153692
278,cow,0.13871031689841692
279,cow,0.16858402678778636
280,cow,0.17497515300517863
281,cow,0.14950667830055708
282,cow,0.13325563325563325
283,cow,0.12570127913313883
284,cow,0.18066485753052916
285,cow,0.07739261492087415
286,cow,0.1127747807258982
287,cow,0.1467781801460022
288,cow,0.10848570692763328
289,cow,0.10788829005389515
290,cow,0.07544581618655692
291,cow,0.18792039579743178
292,cow,0.1735345327916425
293,cow,0.2384775498067202
294,cow,0.11917357735201602
295,cow,0.23828064164460364
296,cow,0.12952939148422685
297,cow,0.18823236100723012
298,cow,0.08603134970176168
299,cow,0.1326381845841785
300,cow,0.12032190526040304
301,cow,0.1862884710395536
302,cow,0.09942470389170897
303,cow,0.16078660057666763
304,cow,0.1458142821514673
305,cow,0.2060630680952623
306,cow,0.12938354218616838
307,cow,0.11081186434671675
308,cow,0.19730673056886852
309,cow,0.07853584079716615
310,cow,0.12399390907113335
311,cow,0.10160409200041755
312,cow,0.1971898197242842
313,cow,0.20503867640739148
314,cow,0.13723150357995226
315,cow,0.1805793623585876
316,cow,0.18096952908587258
317,cow,0.15459403967511096
318,cow,0.15887820512820514
319,cow,0.07219213728110276
320,cow,0.20199019325064899
321,cow,0.09180516583926901
322,cow,0.19501779359430604
323,cow,0.12107941005989567
324,cow,0.11317054035500637
325,cow,0.07056021612398691
326,cow,0.13032027607919114
327,cow,0.1558861364910776
328,cow,0.11543259235566927
329,cow,0.1886274420820948
330,cow,0.1336397846901348
331,cow,0.09899101082370207
332,cow,0.13754340030735956
333,cow,0.16418666141599392
334,cow,0.1768824196806597
335,cow,0.1145083932853717
336,cow,0.09890652557319224
337,cow,0.15807157120669435
338,cow,0.1458865226924579
339,cow,0.11582472788166341
340,cow,0.14323494543575402
341,cow,0.14693002888288456
342,cow,0.15355166645219406
343,cow,0.15883074990722504
344,cow,0.06699141264500577
345,cow,0.11387878222471001
346,cow,0.15476654961633501
347,cow,0.12354713732242789
348,cow,0.1590160936356986
349,cow,0.16189099802673634
350,cow,0.17832216834375086
351,cow,0.0987122973864149
352,cow,0.20074802604238814
353,cow,0.10120760959470637
354,cow,0.14043166369075588
355,cow,0.1435192377401481
356,cow,0.14029936672423718
357,cow,0.23412750531928866
358,cow,0.0789384015446939
359,cow,0.17468865701783912
360,cow,0.19903830994797414
361,cow,0.24245905646541188
362,cow,0.1981036520173316
363,cow,0.1706046511627907
364,cow,0.1353310016699751
365,cow,0.18516464269033162
366,cow,0.17525347233258112
367,cow,0.11821166961353877
368,cow,0.08533932205768825
369,cow,0.15792017885736728
370,cow,0.11379734628046956
371,cow,0.13266216388428698
372,cow,0.1491468945728302
373,cow,0.10030549898167006
374,cow,0.16588846797638976
375,cow,0.16175054177702866
376,cow,0.13094778806584362
377,cow,0.17484108007231586
378,cow,0.11060012062726177
379,cow,0.07259755066014491
380,cow,0.07362879704062034
381,cow,0.14378294073356998
382,cow,0.15824710894704808
383,cow,0.15163292534369743
384,cow,0.10638032990974168
385,cow,0.13170939715366986
386,cow,0.15222835859234524
387,cow,0.11962372228531924
388,cow,0.13191420214494637
389,cow,0.10715464325787077
390,cow,0.10848954633890244
391,cow,0.14128256513026052
392,cow,0.11657470140392541
393,cow,0.16533333333333333
394,cow,0.12467738050173785
395,cow,0.24315170094936708
396,cow,0.14329835176956288
397,cow,0.09230218636127017
398,cow,0.22300347672668777
399,cow,0.18674959772249042
400,cow,0.17774754159193518
401,cow,0.12125077570157898
402,cow,0.10420841683366733
403,cow,0.1419082310447213
404,cow,0.19786327247595462
405,cow,0.17249013652748998
406,cow,0.10206973831652495
407,cow,0.2064667778172575
408,cow,0.10143329658213891
409,cow,0.13379361821235305
410,cow,0.1551760552756238
411,cow,0.1340417902663233
412,cow,0.12032744846631818
413,cow,0.048076187562151
414,cow,0.1084224086905052
415,cow,0.1370719306116345
416,cow,0.170850727744556
417,cow,0.07064110666385788
418,cow,0.07658636014301468
419,cow,0.18522995104852844
420,cow,0.1880119698939032
421,cow,0.11755083712874463
422,cow,0.1383060664879687
423,cow,0.13851017108660504
424,cow,0.16619106699751862
425,cow,0.10280818657782008
426,cow,0.1743426962927472
427,cow,0.09675920963304391
428,cow,0.1485293183406391
429,cow,0.19138276553106212
430,cow,0.13054729655324304
431,cow,0.12199811007201278
432,cow,0.23225166110666923
433,cow,0.1302273594678589
434,cow,0.139416822667132
435,cow,0.12887749737118823
436,cow,0.11260280599903241
437,cow,0.1314968644318219
438,cow,0.11038125550213314
439,cow,0.1906767628963559
440,cow,0.2480209788495944
441,cow,0.15503242011799756
442,cow,0.13668533448212197
443,cow,0.18971145438647624
444,cow,0.18026183282980865
445,cow,0.18473961766644695
446,cow,0.14307635649398479
447,cow,0.13065310141122416
448,cow,0.15515228025879754
449,cow,0.12998389045509465
450,cow,0.1966272800275324
451,cow,0.14767066420664207
452,cow,0.16958293384467882
453,cow,0.15902964959568733
454,cow,0.10640034059462145
455,cow,0.0830860534124629
456,cow,0.15115164461972447
457,cow,0.12347755871071933
458,cow,0.17688736867823113
459,cow,0.16846064064323693
460,cow,0.1240560208705204
461,cow,0.12251644107310623
462,cow,0.1413578526980589
463,cow,0.16439367960115012
464,cow,0.2090940963887915
465,cow,0.10452609321852113
466,cow,0.16848891793927148
467,cow,0.1875
468,cow,0.07717474281144353
469,cow,0.21959800444098393
470,cow,0.08756556223615197
471,cow,0.19089254274715764
472,cow,0.12220005886007652
473,cow,0.13460090361445784
474,cow,0.1905382849989568
475,cow,0.19274985087576596
476,cow,0.2190164584572675
477,cow,0.10292266815829954
478,cow,0.12101858675182182
479,cow,0.1308855905120375
480,cow,0.16822956267072176
481,cow,0.29570531722629123
482,cow,0.22629595681841327
483,cow,0.2139906761032875
484,cow,0.10891829259176197
485,cow,0.2231813544691203
486,cow,0.14385792847385198
487,cow,0.205309682535021
488,opencv-python,0.0
489,opencv-python,0.0
490,opencv-python,0.49823308410519657
491,opencv-python,0.22410061660337294
492,opencv-python,0.3108218264456685
493,opencv-python,0.0
494,opencv-python,0.0
495,opencv-python,0.0
496,opencv-python,0.0
497,opencv-python,0.2835172277562999
498,opencv-python,0.3265872520893102
499,opencv-python,0.27924643896461937
500,opencv-python,0.1708873685285408
501,opencv-python,0.22472128597355456
502,opencv-python,0.0
503,opencv-python,0.3424238333108321
504,opencv-python,0.30639000722617943
505,opencv-python,0.0
506,opencv-python,0.0
507,opencv-python,0.40035076974471756
508,opencv-python,0.0
509,opencv-python,0.1517948219750328
510,opencv-python,0.0
511,opencv-python,0.0034353242946134114
512,opencv-python,0.0
513,opencv-python,0.0
514,opencv-python,0.24402370429891523
515,opencv-python,0.6514026402640264
516,opencv-python,0.0
517,opencv-python,0.0
518,opencv-python,0.42343635564669696
519,opencv-python,0.0
520,opencv-python,0.3935772150979039
521,opencv-python,0.30678714626067755
522,opencv-python,0.0
523,opencv-python,0.22794788511368197
524,opencv-python,0.1240021287919106
525,opencv-python,0.0
526,opencv-python,0.15119498688429028
527,opencv-python,0.0
528,opencv-python,0.4350271375757099
529,opencv-python,0.0
530,opencv-python,0.43962180124010825
531,opencv-python,0.3529425667690853
532,opencv-python,0.0
533,opencv-python,0.278489279106048
534,opencv-python,0.008382815228781
535,opencv-python,0.3167776720583571
536,opencv-python,0.0
537,opencv-python,0.38114471228814645
538,opencv-python,0.0
539,opencv-python,0.44458894040484
540,opencv-python,0.0
541,opencv-python,0.002174242807301411
542,opencv-python,0.0
543,opencv-python,0.0
544,opencv-python,0.383082317919221
545,opencv-python,0.18140890807778884
546,opencv-python,0.0
547,opencv-python,0.0
548,opencv-python,0.3926611023385217
549,opencv-python,0.36136067236632374
550,opencv-python,0.10714499970004199
551,opencv-python,0.0
552,opencv-python,0.0
553,opencv-python,0.0
554,opencv-python,0.0
555,opencv-python,0.05753336103800157
556,opencv-python,0.17786131751299597
557,opencv-python,0.2634992206635493
558,opencv-python,0.22782968072411885
559,opencv-python,0.0
560,opencv-python,0.4921301395007342
561,opencv-python,0.0
562,opencv-python,0.35056861258529187
563,opencv-python,0.005855917200054473
564,opencv-python,0.2965177398160315
565,opencv-python,0.0
566,opencv-python,0.10073532945643293
567,opencv-python,0.0
568,opencv-python,0.319333239687222
569,opencv-python,0.0
570,opencv-python,0.3239304318123595
571,opencv-python,0.0
572,opencv-python,0.002846749960461806
573,opencv-python,0.3403513104683111
574,opencv-python,0.28301570981086055
575,opencv-python,0.003351019268360793
576,opencv-python,0.0
577,opencv-python,0.4514095180357684
578,opencv-python,0.0
579,opencv-python,0.0002336266645899852
580,opencv-python,0.34191184683779013
581,opencv-python,0.28796551136225246
582,opencv-python,0.25391841258113884
583,opencv-python,0.0
584,opencv-python,0.20187754423859766
585,opencv-python,0.33640318662071306
586,opencv-python,0.5661904947257794
587,opencv-python,0.0
588,opencv-python,0.0
589,opencv-python,0.0
590,opencv-python,0.0
591,opencv-python,0.0
592,opencv-python,0.25515200430454665
593,opencv-python,0.27058974030958166
594,opencv-python,0.25756321593548903
595,opencv-python,0.0
596,opencv-python,0.3955374632713026
597,opencv-python,0.0
598,opencv-python,0.28094936517989083
599,opencv-python,0.0
600,opencv-python,0.0
601,opencv-python,0.0
602,opencv-python,0.36117726079257495
603,opencv-python,0.34868106788387027
604,opencv-python,0.3419696604863954
605,opencv-python,0.009877032923443078
606,opencv-python,0.0
607,opencv-python,0.3135048231511254
608,opencv-python,0.0
609,opencv-python,0.300896343627973
610,opencv-python,0.4101232083118013
611,opencv-python,0.3445121951219512
612,opencv-python,0.00023470046353341547
613,opencv-python,0.0
614,opencv-python,0.0
615,opencv-python,0.0
616,opencv-python,0.34298644901376024
617,opencv-python,0.15404406328552417
618,opencv-python,0.3088429607838249
619,opencv-python,0.0
620,opencv-python,0.0
621,opencv-python,0.3228947065813178
622,opencv-python,0.0
623,opencv-python,0.10377009414957036
624,opencv-python,0.0
625,opencv-python,0.0
626,opencv-python,0.22900509270046268
627,opencv-python,0.0
628,opencv-python,0.23650889792622076
629,opencv-python,0.015354283665909905
630,opencv-python,0.2801953678903419
631,opencv-python,0.4449260405916753
632,opencv-python,0.008422234699606962
633,opencv-python,0.0
634,opencv-python,0.0
635,opencv-python,0.13438005079658277
636,opencv-python,0.3137802087403025
637,opencv-python,0.2812715283928747
638,opencv-python,0.0
639,opencv-python,0.0
640,opencv-python,0.00392136628656932
641,opencv-python,0.0
642,opencv-python,0.0
643,opencv-python,0.0
644,opencv-python,0.11302544130720062
645,opencv-python,0.2109179285847822
646,opencv-python,0.0031115585247551937
647,opencv-python,0.0
648,opencv-python,0.0
649,opencv-python,0.0
650,opencv-python,0.08638801145963418
651,opencv-python,0.0
652,opencv-python,0.0
653,opencv-python,0.0
654,opencv-python,0.3031159309607454
655,opencv-python,0.1401288230259898
656,opencv-python,0.1765293990488543
657,opencv-python,0.0
658,opencv-python,0.0
659,opencv-python,0.33484437916276244
660,opencv-python,0.0
661,opencv-python,0.2248672583710496
662,opencv-python,0.0
663,opencv-python,0.38403759722535763
664,opencv-python,0.0
665,opencv-python,0.0
666,opencv-python,0.0
667,opencv-python,0.42570290816942197
668,opencv-python,0.0
669,opencv-python,0.3847427837490705
670,opencv-python,0.0002891531427332201
671,opencv-python,0.4075132275132275
672,opencv-python,0.18076229891195514
673,opencv-python,0.21323622146550636
674,opencv-python,0.26740449839343094
675,opencv-python,0.3035387791212032
676,opencv-python,0.3542811824869418
677,opencv-python,0.0
678,opencv-python,0.17929391548855736
679,opencv-python,0.0
680,opencv-python,0.0
681,opencv-python,0.273035600473459
682,opencv-python,0.04471484394321611
683,opencv-python,0.0
684,opencv-python,0.2872870638994272
685,opencv-python,0.19238921640060938
686,opencv-python,0.2471076184239249
687,opencv-python,0.36311292037994647
688,opencv-python,0.010604912888215561
689,opencv-python,0.0024568840928798534
690,opencv-python,0.3811639154663022
691,opencv-python,0.0
692,opencv-python,0.0
693,opencv-python,0.4257996176303416
694,opencv-python,0.22866265504113964
695,opencv-python,0.16257921419518379
696,opencv-python,0.0
697,opencv-python,0.31646906913957035
698,opencv-python,0.36032025275553803
699,opencv-python,0.0
700,opencv-python,0.0
701,opencv-python,0.0
702,opencv-python,0.13626834381551362
703,opencv-python,0.0
704,opencv-python,0.0
705,opencv-python,0.38711057856898323
706,opencv-python,0.0
707,opencv-python,0.18236919511542918
708,opencv-python,0.2552716057153648
709,opencv-python,0.35315929355281206
710,opencv-python,0.0
711,opencv-python,0.34767673115169045
712,opencv-python,0.3981638977561339
713,opencv-python,0.21001193105374052
714,opencv-python,0.0
715,opencv-python,0.0
716,opencv-python,0.23464991023339318
717,opencv-python,0.0
718,opencv-python,0.0
719,opencv-python,0.298016391495427
720,opencv-python,0.39879616963064296
721,opencv-python,0.0
722,opencv-python,0.3306946512219035
723,opencv-python,0.34031026840679635
724,opencv-python,0.24599280340202814
725,opencv-python,0.008929393353585566
726,opencv-python,0.23480893714763
727,opencv-python,0.2952145893322364
728,opencv-python,0.0
729,opencv-python,0.3160587555702261
730,opencv-python,0.41290478638164063
731,opencv-python,0.0
732,opencv-python,0.0
733,opencv-python,0.0
734,opencv-python,0.053848405033655254
735,opencv-python,0.2491710452481763
736,opencv-python,0.0
737,opencv-python,0.36068231127958306
738,opencv-python,0.30686731665960154
739,opencv-python,0.2451653524420592
740,opencv-python,0.44560717332057337
741,opencv-python,0.28233028968172935
742,opencv-python,0.0
743,opencv-python,0.0
744,opencv-python,0.2774009282399143
745,opencv-python,0.0
746,opencv-python,0.0
747,opencv-python,0.0
748,opencv-python,0.2726497841568369
749,opencv-python,0.0
750,opencv-python,0.0
751,opencv-python,0.3153746022562916
752,opencv-python,0.0
753,opencv-python,0.0
754,opencv-python,0.3355372851147013
755,opencv-python,0.31984989790850393
756,opencv-python,0.45637760126042143
757,opencv-python,0.3457952146375792
758,opencv-python,0.0
759,opencv-python,0.3042928953522755
760,opencv-python,0.25373746975458
761,opencv-python,0.3498692265685626
762,opencv-python,0.0
763,opencv-python,0.0
764,opencv-python,0.3244532113671342
765,opencv-python,0.049106785227909955
766,opencv-python,0.2653297865084237
767,opencv-python,0.316374162255196
768,opencv-python,0.0
769,opencv-python,0.08436699128651973
770,opencv-python,0.32609020310633213
771,opencv-python,0.2676822338871151
772,opencv-python,0.0
773,opencv-python,0.0
774,opencv-python,0.19051945275758872
775,opencv-python,0.0006687174000267487
776,opencv-python,0.0
777,opencv-python,0.051426604122735295
778,opencv-python,0.0
779,opencv-python,0.45062208398133746
780,opencv-python,0.43732938661404375
781,opencv-python,0.0
782,opencv-python,0.29097095829706415
783,opencv-python,0.04417094533373603
784,opencv-python,0.28365900794502896
785,opencv-python,0.48031833178029065
786,opencv-python,0.0
787,opencv-python,0.0
788,opencv-python,0.008873395658374267
789,opencv-python,0.2920813881793359
790,opencv-python,0.3202542921930677
791,opencv-python,0.35154743318945725
792,opencv-python,0.20810998472434383
793,opencv-python,0.2558740139797322
794,opencv-python,0.0
795,opencv-python,0.21397032397186425
796,opencv-python,0.0
797,opencv-python,0.1636980201411249
798,opencv-python,0.0
799,opencv-python,0.0
800,opencv-python,0.0
801,opencv-python,0.0
802,opencv-python,0.009153179365945324
803,opencv-python,0.369769205250936
804,opencv-python,0.0
805,opencv-python,0.0
806,opencv-python,0.0
807,opencv-python,0.11536129491471805
808,opencv-python,0.0
809,opencv-python,0.0
810,opencv-python,0.0
811,opencv-python,0.24763306680940753
812,opencv-python,0.0
813,opencv-python,0.1683540931192966
814,opencv-python,0.0
815,opencv-python,0.3458749537550869
816,opencv-python,0.010993632103808723
817,opencv-python,0.33954000550591884
818,opencv-python,0.0
819,opencv-python,0.19826360528783615
820,opencv-python,0.29136873597606583
821,opencv-python,0.0
822,opencv-python,0.42871466248174545
823,opencv-python,0.24712583612040134
824,opencv-python,0.0
825,opencv-python,0.3342686412055079
826,opencv-python,0.0
827,opencv-python,0.2450194158365693
828,opencv-python,0.3660390259296271
829,opencv-python,0.0
830,opencv-python,0.3405358055332506
831,opencv-python,0.0
832,opencv-python,0.1975877587758776
833,opencv-python,0.0
834,opencv-python,0.0
835,opencv-python,0.0
836,opencv-python,0.0
837,opencv-python,0.5486460317956086
838,opencv-python,0.4474156854919178
839,opencv-python,0.0
840,opencv-python,0.0
841,opencv-python,0.0
842,opencv-python,0.2336974217801853
843,opencv-python,0.0
844,opencv-python,0.0
845,opencv-python,0.0
846,opencv-python,0.1342352359772671
847,opencv-python,0.30341993248201965
848,opencv-python,0.0
849,opencv-python,0.0
850,opencv-python,0.0
851,opencv-python,0.40265825205584244
852,opencv-python,0.0
853,opencv-python,0.5117138616454702
854,opencv-python,0.0
855,opencv-python,0.0
856,opencv-python,0.1897397874518942
857,opencv-python,0.6242475625264943
858,opencv-python,0.0
859,opencv-python,0.37421875
860,opencv-python,0.30975800156128025
861,opencv-python,0.0
862,opencv-python,0.4490268905066112
863,opencv-python,0.0
864,opencv-python,0.18418488639463737
865,opencv-python,0.4490137939925229
866,opencv-python,0.28123678646934464
867,opencv-python,0.0
868,opencv-python,0.2304625747474053
869,opencv-python,0.0
870,opencv-python,0.33315955717746637
871,opencv-python,0.003517051019499599
872,opencv-python,0.21053369473782596
873,opencv-python,0.0
874,opencv-python,0.0
875,opencv-python,0.24196282047832987
876,opencv-python,0.2768792164168572
877,opencv-python,0.0
878,opencv-python,0.0
879,opencv-python,0.0
880,opencv-python,0.19760027258566978
881,opencv-python,0.0
882,opencv-python,0.31975662133142446
883,opencv-python,0.4423640471556719
884,opencv-python,0.0
885,opencv-python,0.23795913003482488
886,opencv-python,0.4051391487371375
887,opencv-python,0.284361770365619
888,opencv-python,0.36476539774883016
889,opencv-python,0.26507265521796564
890,opencv-python,0.21451710606020702
891,opencv-python,0.25768096075334507
892,opencv-python,0.36630065566000475
893,opencv-python,0.0
894,opencv-python,0.0
895,opencv-python,0.4479874542603241
896,opencv-python,0.3095045409585469
897,opencv-python,0.2439443005181347
898,opencv-python,0.0
899,opencv-python,0.0
900,opencv-python,0.0
901,opencv-python,0.0
902,opencv-python,0.0
903,opencv-python,0.0
904,opencv-python,0.0
905,opencv-python,0.0
906,opencv-python,0.23155935474975872
907,opencv-python,0.3702038369304556
908,opencv-python,0.35080040769830323
909,opencv-python,0.0
910,opencv-python,0.30405168176392106
911,opencv-python,0.3168899461625141
912,opencv-python,0.3761113463166808
913,opencv-python,0.0
914,opencv-python,0.4506959156855909
915,opencv-python,0.0
916,opencv-python,0.3134528396716368
917,opencv-python,0.0
918,opencv-python,0.0
919,opencv-python,0.2733046575710733
920,opencv-python,3.944617569326654e-05
921,opencv-python,0.3301068219505611
922,opencv-python,0.32004981320049813
923,opencv-python,0.007616425785730672
924,opencv-python,0.3813464033443852
925,opencv-python,0.34134147569036677
926,opencv-python,0.0
927,opencv-python,0.006766705303718555
928,opencv-python,0.0
929,opencv-python,0.0
930,opencv-python,0.13345304363440474
931,opencv-python,0.0
932,opencv-python,0.0
933,opencv-python,0.33059463618377666
934,opencv-python,0.35925023115071025
935,opencv-python,0.2383364312267658
936,opencv-python,0.29665868400045614
937,opencv-python,0.0
938,opencv-python,0.47230516117238436
939,opencv-python,0.0
940,opencv-python,0.0035947403273105666
941,opencv-python,0.0
942,opencv-python,0.12552369198791855
943,opencv-python,0.2151571546732837
944,opencv-python,0.0
945,opencv-python,0.2253679094585868
946,opencv-python,0.0
947,opencv-python,0.3603342383425152
948,opencv-python,0.13870808272225427
949,opencv-python,0.2761139249798136
950,opencv-python,0.0
951,opencv-python,0.3889983939261206
952,opencv-python,0.3511422951811786
953,opencv-python,0.31897717330788194
954,opencv-python,0.0
955,opencv-python,0.0
956,opencv-python,0.19422691433916878
957,opencv-python,0.0
958,opencv-python,0.0
959,opencv-python,0.38977063147777746
960,opencv-python,0.3227993156654508
961,opencv-python,0.0
962,opencv-python,0.0032555879494655005
963,opencv-python,0.0
964,opencv-python,0.0005993301604089547
965,opencv-python,0.2526736277905595
966,opencv-python,0.24444146439586964
967,opencv-python,0.26897788404064554
968,opencv-python,0.3741929979238361
969,opencv-python,0.5120229053939291
970,opencv-python,0.0
971,opencv-python,0.0030636747536639895
972,opencv-python,0.23644454416274027
973,opencv-python,0.5219284334361755
974,opencv-python,0.2453589108910891
975,opencv-python,0.315136857460939
976,YOLO-x,0.7787863783902734
977,YOLO-x,0.5730156512017887
978,YOLO-x,0.731682970652825
979,YOLO-x,0.5703167667941016
980,YOLO-x,0.8028169014084507
981,YOLO-x,0.6670664928292047
982,YOLO-x,0.48232343027357527
983,YOLO-x,0.7433509828981802
984,YOLO-x,0.7157702825888788
985,YOLO-x,0.6878202601497833
986,YOLO-x,0.6779505300353357
987,YOLO-x,0.43842914840594654
988,YOLO-x,0.5749772105742935
989,YOLO-x,0.6451022974054178
990,YOLO-x,0.6530298120544394
991,YOLO-x,0.761607195000876
992,YOLO-x,0.7215044675199227
993,YOLO-x,0.8829620108540417
994,YOLO-x,0.7406925540432346
995,YOLO-x,0.5984585741811176
996,YOLO-x,0.7069875352561187
997,YOLO-x,0.6304703279792248
998,YOLO-x,0.5946058436693582
999,YOLO-x,0.28845848547388475
1000,YOLO-x,0.6931649910373314
1001,YOLO-x,0.4786135693215339
1002,YOLO-x,0.5542632612966601
1003,YOLO-x,0.6793881866915851
1004,YOLO-x,0.7033779243784741
1005,YOLO-x,0.5661236643895603
1006,YOLO-x,0.7569397042093288
1007,YOLO-x,0.6442414947016174
1008,YOLO-x,0.6398016997167139
1009,YOLO-x,0.7318550106609808
1010,YOLO-x,0.7919156612921412
1011,YOLO-x,0.7032129243056816
1012,YOLO-x,0.6391108723389967
1013,YOLO-x,0.7958339081252587
1014,YOLO-x,0.4684247374562427
1015,YOLO-x,0.6043817479706832
1016,YOLO-x,0.6497952244803338
1017,YOLO-x,0.7395659432387313
1018,YOLO-x,0.7580850522026993
1019,YOLO-x,0.7915790669924427
1020,YOLO-x,0.5551540700592191
1021,YOLO-x,0.6744657992121285
1022,YOLO-x,0.7867241248960459
1023,YOLO-x,0.7810486891385767
1024,YOLO-x,0.42291561818486834
1025,YOLO-x,0.7710941924117536
1026,YOLO-x,0.6452328159645233
1027,YOLO-x,0.6648002333041703
1028,YOLO-x,0.733042212518195
1029,YOLO-x,0.6707457442297208
1030,YOLO-x,0.7696739474517252
1031,YOLO-x,0.7620416067970263
1032,YOLO-x,0.8195276302407052
1033,YOLO-x,0.47878495660559306
1034,YOLO-x,0.7903502093642939
1035,YOLO-x,0.7630318659053232
1036,YOLO-x,0.7463311382878646
1037,YOLO-x,0.6756494294731731
1038,YOLO-x,0.7976864966949953
1039,YOLO-x,0.6540917431192661
1040,YOLO-x,0.7912380276693863
1041,YOLO-x,0.5586653219028408
1042,YOLO-x,0.6066228471586654
1043,YOLO-x,0.6182581322140609
1044,YOLO-x,0.5305096110862763
1045,YOLO-x,0.5485801035899268
1046,YOLO-x,0.6834135043648673
1047,YOLO-x,0.8261357594375849
1048,YOLO-x,0.8053756204256751
1049,YOLO-x,0.7801104972375691
1050,YOLO-x,0.6362569285947179
1051,YOLO-x,0.1431761094055261
1052,YOLO-x,0.8912
1053,YOLO-x,0.5627009646302251
1054,YOLO-x,0.6773507906818568
1055,YOLO-x,0.6681272822117893
1056,YOLO-x,0.4007180937874007
1057,YOLO-x,0.7339515916863983
1058,YOLO-x,0.7078269324258629
1059,YOLO-x,0.7446475195822454
1060,YOLO-x,0.36904603068712477
1061,YOLO-x,0.6691546077684691
1062,YOLO-x,0.7179925113315379
1063,YOLO-x,0.49838268225926846
1064,YOLO-x,0.6984827372658307
1065,YOLO-x,0.5667459239130435
1066,YOLO-x,0.6760655262394897
1067,YOLO-x,0.6687636099685459
1068,YOLO-x,0.6477464449264884
1069,YOLO-x,0.7133094255362339
1070,YOLO-x,0.5155506458191706
1071,YOLO-x,0.4113496472001201
1072,YOLO-x,0.5382604907797299
1073,YOLO-x,0.7126111242231138
1074,YOLO-x,0.7920563585570266
1075,YOLO-x,0.7175786924939467
1076,YOLO-x,0.5482895210658985
1077,YOLO-x,0.6228435941460224
1078,YOLO-x,0.7000527426160338
1079,YOLO-x,0.711178527354998
1080,YOLO-x,0.6095460399227302
1081,YOLO-x,0.36044226044226046
1082,YOLO-x,0.6988424563468707
1083,YOLO-x,0.6738789896220874
1084,YOLO-x,0.661880060728745
1085,YOLO-x,0.7898708912867212
1086,YOLO-x,0.7240541734138083
1087,YOLO-x,0.7657283002772446
1088,YOLO-x,0.4952284719883238
1089,YOLO-x,0.40856884759323786
1090,YOLO-x,0.7835356825584838
1091,YOLO-x,0.7139743001376778
1092,YOLO-x,0.631565560218746
1093,YOLO-x,0.47504373777914993
1094,YOLO-x,0.7554880999516079
1095,YOLO-x,0.7179581344105765
1096,YOLO-x,0.5407617008259407
1097,YOLO-x,0.6148726376335251
1098,YOLO-x,0.6648200880144965
1099,YOLO-x,0.7842667806755024
1100,YOLO-x,0.5891321011838855
1101,YOLO-x,0.5501636958894144
1102,YOLO-x,0.6722751761292997
1103,YOLO-x,0.7374320368046843
1104,YOLO-x,0.7749881071938263
1105,YOLO-x,0.6727106227106228
1106,YOLO-x,0.724373576309795
1107,YOLO-x,0.5620620620620621
1108,YOLO-x,0.799408708116825
1109,YOLO-x,0.8248410856623953
1110,YOLO-x,0.6487449873756127
1111,YOLO-x,0.4532590051457976
1112,YOLO-x,0.5282923882400322
1113,YOLO-x,0.6694379994844032
1114,YOLO-x,0.5692322027581066
1115,YOLO-x,0.7330079204273346
1116,YOLO-x,0.7481446688586191
1117,YOLO-x,0.7437681761528874
1118,YOLO-x,0.5373044524669074
1119,YOLO-x,0.6724084488331931
1120,YOLO-x,0.5128876972762172
1121,YOLO-x,0.6390737855827786
1122,YOLO-x,0.8494563389754511
1123,YOLO-x,0.7678142514011209
1124,YOLO-x,0.8226987060998151
1125,YOLO-x,0.5577221986717535
1126,YOLO-x,0.6246990291262136
1127,YOLO-x,0.7358935591170245
1128,YOLO-x,0.6465887674330946
1129,YOLO-x,0.713581750733625
1130,YOLO-x,0.6719207385723936
1131,YOLO-x,0.472007722007722
1132,YOLO-x,0.598658085718198
1133,YOLO-x,0.5984517417904857
1134,YOLO-x,0.8253919926929517
1135,YOLO-x,0.775979843225084
1136,YOLO-x,0.6745471739288572
1137,YOLO-x,0.6964902186421174
1138,YOLO-x,0.6369987849331713
1139,YOLO-x,0.7641397495056031
1140,YOLO-x,0.6421609224692616
1141,YOLO-x,0.49050632911392406
1142,YOLO-x,0.5588207680030044
1143,YOLO-x,0.18605179463880053
1144,YOLO-x,0.5081240768094535
1145,YOLO-x,0.7387759924385633
1146,YOLO-x,0.7428406549808844
1147,YOLO-x,0.678058961648839
1148,YOLO-x,0.7398382634603107
1149,YOLO-x,0.6848887153455682
1150,YOLO-x,0.8859503215790641
1151,YOLO-x,0.7852212944640186
1152,YOLO-x,0.798181915980851
1153,YOLO-x,0.7306639288158795
1154,YOLO-x,0.6370583286595626
1155,YOLO-x,0.7268295325280321
1156,YOLO-x,0.5931838915678352
1157,YOLO-x,0.7142132265884873
1158,YOLO-x,0.5295463646244494
1159,YOLO-x,0.7480452303620835
1160,YOLO-x,0.6303728638011393
1161,YOLO-x,0.7421043742611045
1162,YOLO-x,0.707207628307002
1163,YOLO-x,0.7057264050901378
1164,YOLO-x,0.6424860618347694
1165,YOLO-x,0.7985214140040788
1166,YOLO-x,0.49293356227711005
1167,YOLO-x,0.7621390771516108
1168,YOLO-x,0.40884338923981706
1169,YOLO-x,0.6222661107453734
1170,YOLO-x,0.6096924510717614
1171,YOLO-x,0.6617972204674668
1172,YOLO-x,0.5999208547685002
1173,YOLO-x,0.836728837876614
1174,YOLO-x,0.7207879730430274
1175,YOLO-x,0.7741460769886144
1176,YOLO-x,0.7241379310344828
1177,YOLO-x,0.7476935105551212
1178,YOLO-x,0.6606149820085051
1179,YOLO-x,0.746372085439426
1180,YOLO-x,0.70675799086758
1181,YOLO-x,0.8212597954178381
1182,YOLO-x,0.5951183741881416
1183,YOLO-x,0.4995148995148995
1184,YOLO-x,0.6803680610206428
1185,YOLO-x,0.6375732762631432
1186,YOLO-x,0.666343669250646
1187,YOLO-x,0.7448770491803278
1188,YOLO-x,0.7754934823091247
1189,YOLO-x,0.7892118355590468
1190,YOLO-x,0.5404486021048156
1191,YOLO-x,0.7312796208530805
1192,YOLO-x,0.749563643415864
1193,YOLO-x,0.5156215861918287
1194,YOLO-x,0.6984943077488065
1195,YOLO-x,0.6833968657348581
1196,YOLO-x,0.7003955174686882
1197,YOLO-x,0.7382907988657476
1198,YOLO-x,0.5703859475507175
1199,YOLO-x,0.6968527673941879
1200,YOLO-x,0.7072615145285849
1201,YOLO-x,0.4793439104775044
1202,YOLO-x,0.5758392550845381
1203,YOLO-x,0.7878970163618865
1204,YOLO-x,0.7168397291196388
1205,YOLO-x,0.6708106376161487
1206,YOLO-x,0.46958995487541694
1207,YOLO-x,0.7652217805539782
1208,YOLO-x,0.7368041979627533
1209,YOLO-x,0.7410389755633843
1210,YOLO-x,0.68496079828938
1211,YOLO-x,0.6252130681818182
1212,YOLO-x,0.657760714565541
1213,YOLO-x,0.43125047452737075
1214,YOLO-x,0.49913015973430336
1215,YOLO-x,0.5428331936295054
1216,YOLO-x,0.7132677639502208
1217,YOLO-x,0.5564145219688815
1218,YOLO-x,0.6747358889224268
1219,YOLO-x,0.6676258992805756
1220,YOLO-x,0.7063476237952808
1221,YOLO-x,0.6835754189944134
1222,YOLO-x,0.6484135107471852
1223,YOLO-x,0.6947964410892424
1224,YOLO-x,0.7274352794837907
1225,YOLO-x,0.6766539555716966
1226,YOLO-x,0.756061468412066
1227,YOLO-x,0.6579430670339761
1228,YOLO-x,0.6834269778124102
1229,YOLO-x,0.6662958843159066
1230,YOLO-x,0.7360963782391271
1231,YOLO-x,0.7384551235275721
1232,YOLO-x,0.7340146750524109
1233,YOLO-x,0.7996239423378251
1234,YOLO-x,0.5392729327556979
1235,YOLO-x,0.7165257703845105
1236,YOLO-x,0.7140149883710913
1237,YOLO-x,0.7117541498429789
1238,YOLO-x,0.7964638803159492
1239,YOLO-x,0.4838121581693594
1240,YOLO-x,0.768299711815562
1241,YOLO-x,0.7743750950666735
1242,YOLO-x,0.7390677859917304
1243,YOLO-x,0.5977989906973916
1244,YOLO-x,0.6793353474320242
1245,YOLO-x,0.5591261960642715
1246,YOLO-x,0.8105792911446622
1247,YOLO-x,0.7188220230473752
1248,YOLO-x,0.6839292730844794
1249,YOLO-x,0.8062818139750115
1250,YOLO-x,0.4371912962221332
1251,YOLO-x,0.6714183527488249
1252,YOLO-x,0.8285899935022742
1253,YOLO-x,0.4565396862837599
1254,YOLO-x,0.3321846377074454
1255,YOLO-x,0.7777156046723088
1256,YOLO-x,0.8154114646261243
1257,YOLO-x,0.6383718235884761
1258,YOLO-x,0.8318324757004002
1259,YOLO-x,0.7328924162257495
1260,YOLO-x,0.6505430242272348
1261,YOLO-x,0.4884863667019944
1262,YOLO-x,0.47946771164993063
1263,YOLO-x,0.7104665641251007
1264,YOLO-x,0.7521980564553448
1265,YOLO-x,0.7034466625077979
1266,YOLO-x,0.5978657680426847
1267,YOLO-x,0.730184023851136
1268,YOLO-x,0.8333799585967661
1269,YOLO-x,0.7865158532240827
1270,YOLO-x,0.7627917168839706
1271,YOLO-x,0.6622920799633756
1272,YOLO-x,0.7515761956020298
1273,YOLO-x,0.5317633179054361
1274,YOLO-x,0.6865109269027883
1275,YOLO-x,0.7770314192849405
1276,YOLO-x,0.5526464190767744
1277,YOLO-x,0.821437484402296
1278,YOLO-x,0.716355280247777
1279,YOLO-x,0.8086200903719152
1280,YOLO-x,0.5778552071234998
1281,YOLO-x,0.5427581969502318
1282,YOLO-x,0.8002983404810741
1283,YOLO-x,0.6173844016669974
1284,YOLO-x,0.732879574899994
1285,YOLO-x,0.7337038908539667
1286,YOLO-x,0.8087445041524182
1287,YOLO-x,0.8151642984014209
1288,YOLO-x,0.8108748081561061
1289,YOLO-x,0.7484867341743509
1290,YOLO-x,0.7624635740726156
1291,YOLO-x,0.764341957255343
1292,YOLO-x,0.7739448582255325
1293,YOLO-x,0.8400613183444047
1294,YOLO-x,0.7614078019288901
1295,YOLO-x,0.507024719900409
1296,YOLO-x,0.753117617975059
1297,YOLO-x,0.7715808632345293
1298,YOLO-x,0.8133971291866029
1299,YOLO-x,0.6464904143475572
1300,YOLO-x,0.793166737258224
1301,YOLO-x,0.5246789088207197
1302,YOLO-x,0.4822127025516856
1303,YOLO-x,0.5671250818598559
1304,YOLO-x,0.7104294478527607
1305,YOLO-x,0.8177365153500028
1306,YOLO-x,0.7301418439716312
1307,YOLO-x,0.6659993994595136
1308,YOLO-x,0.696009936345288
1309,YOLO-x,0.6376758184386708
1310,YOLO-x,0.7901329366031579
1311,YOLO-x,0.7204309349749903
1312,YOLO-x,0.6476898566117897
1313,YOLO-x,0.6283281622050653
1314,YOLO-x,0.5626499600106638
1315,YOLO-x,0.7789285378024668
1316,YOLO-x,0.6433202798998523
1317,YOLO-x,0.7653582372683496
1318,YOLO-x,0.6771420100800475
1319,YOLO-x,0.7863725638313944
1320,YOLO-x,0.6279729729729729
1321,YOLO-x,0.2876764593666539
1322,YOLO-x,0.654684951368332
1323,YOLO-x,0.5064160725858716
1324,YOLO-x,0.7029741463098556
1325,YOLO-x,0.7207363342545319
1326,YOLO-x,0.6854535082715345
1327,YOLO-x,0.7401163363896283
1328,YOLO-x,0.7819362369592179
1329,YOLO-x,0.7084367245657568
1330,YOLO-x,0.6613518975971255
1331,YOLO-x,0.608652718632352
1332,YOLO-x,0.7684565780750919
1333,YOLO-x,0.75994032077583
1334,YOLO-x,0.6318657679621397
1335,YOLO-x,0.7911202021417398
1336,YOLO-x,0.6936952714535902
1337,YOLO-x,0.6178030100155321
1338,YOLO-x,0.7289733108920413
1339,YOLO-x,0.8082465401626481
1340,YOLO-x,0.76775956284153
1341,YOLO-x,0.6754285117056856
1342,YOLO-x,0.704
1343,YOLO-x,0.7147629134756396
1344,YOLO-x,0.46127154689948513
1345,YOLO-x,0.8121673474439906
1346,YOLO-x,0.7145655270655271
1347,YOLO-x,0.75
1348,YOLO-x,0.5595160941888097
1349,YOLO-x,0.6440925192748489
1350,YOLO-x,0.7248762582726211
1351,YOLO-x,0.792998055015282
1352,YOLO-x,0.28431601025402004
1353,YOLO-x,0.5895218434413881
1354,YOLO-x,0.7856356198867213
1355,YOLO-x,0.48350570613409416
1356,YOLO-x,0.5298544907175113
1357,YOLO-x,0.6922774766281719
1358,YOLO-x,0.795249092708677
1359,YOLO-x,0.4552005240556081
1360,YOLO-x,0.6191566645609602
1361,YOLO-x,0.6542070569988367
1362,YOLO-x,0.7375435306723814
1363,YOLO-x,0.7674400376234519
1364,YOLO-x,0.6005813953488373
1365,YOLO-x,0.8325227694756389
1366,YOLO-x,0.5657203643374775
1367,YOLO-x,0.6411095411615974
1368,YOLO-x,0.3957345971563981
1369,YOLO-x,0.6693969266454045
1370,YOLO-x,0.5760225926938143
1371,YOLO-x,0.7105114172485375
1372,YOLO-x,0.717733136512419
1373,YOLO-x,0.4449874016950447
1374,YOLO-x,0.681733515460077
1375,YOLO-x,0.46953029509341715
1376,YOLO-x,0.8633198086356204
1377,YOLO-x,0.7725661528315885
1378,YOLO-x,0.6039693650662933
1379,YOLO-x,0.7535767336408412
1380,YOLO-x,0.7737693863789615
1381,YOLO-x,0.7417476765302852
1382,YOLO-x,0.7873681921948038
1383,YOLO-x,0.6757471691108223
1384,YOLO-x,0.7825929938605994
1385,YOLO-x,0.8050689526649273
1386,YOLO-x,0.7113722312263642
1387,YOLO-x,0.7887537993920972
1388,YOLO-x,0.6592965975484019
1389,YOLO-x,0.7339396284829721
1390,YOLO-x,0.7007026594325358
1391,YOLO-x,0.5583115183246073
1392,YOLO-x,0.7047063723448563
1393,YOLO-x,0.32987328120787274
1394,YOLO-x,0.7534169208178019
1395,YOLO-x,0.7724998455741553
1396,YOLO-x,0.6719747087407061
1397,YOLO-x,0.7377228082939251
1398,YOLO-x,0.68495499357051
1399,YOLO-x,0.7663618176621892
1400,YOLO-x,0.7784390304382865
1401,YOLO-x,0.6107247253301078
1402,YOLO-x,0.83563114476212
1403,YOLO-x,0.49766384644525824
1404,YOLO-x,0.624689372898699
1405,YOLO-x,0.6572233830604014
1406,YOLO-x,0.6828413284132842
1407,YOLO-x,0.6252890712420739
1408,YOLO-x,0.44531511300109894
1409,YOLO-x,0.8396197795530387
1410,YOLO-x,0.7321911632100991
1411,YOLO-x,0.38147796844011383
1412,YOLO-x,0.6319236016371078
1413,YOLO-x,0.5959763107472565
1414,YOLO-x,0.7302812527726023
1415,YOLO-x,0.7341211899981749
1416,YOLO-x,0.7936426914153132
1417,YOLO-x,0.6263659019745671
1418,YOLO-x,0.6376848546659868
1419,YOLO-x,0.3805055244437718
1420,YOLO-x,0.7021804081113725
1421,YOLO-x,0.7341245993589743
1422,YOLO-x,0.8466603951081844
1423,YOLO-x,0.5373453218196386
1424,YOLO-x,0.6507238883143743
1425,YOLO-x,0.7869367507234395
1426,YOLO-x,0.698725313200941
1427,YOLO-x,0.6755981379235683
1428,YOLO-x,0.7853652263374485
1429,YOLO-x,0.6862570735650768
1430,YOLO-x,0.5861309851403412
1431,YOLO-x,0.5018516559094276
1432,YOLO-x,0.7214447658509889
1433,YOLO-x,0.6142519794415892
1434,YOLO-x,0.6508438818565401
1435,YOLO-x,0.6846659088038398
1436,YOLO-x,0.7537540690958732
1437,YOLO-x,0.5871513944223108
1438,YOLO-x,0.4959677419354839
1439,YOLO-x,0.6901450133175495
1440,YOLO-x,0.681394530906533
1441,YOLO-x,0.6380318612623512
1442,YOLO-x,0.5731287556151916
1443,YOLO-x,0.7408489431173741
1444,YOLO-x,0.7198240589198036
1445,YOLO-x,0.8236856823266219
1446,YOLO-x,0.7699733004723762
1447,YOLO-x,0.6784307463004365
1448,YOLO-x,0.7700953678474114
1449,YOLO-x,0.7253966206629692
1450,YOLO-x,0.6086016611673682
1451,YOLO-x,0.8045219319862001
1452,YOLO-x,0.7513056338679115
1453,YOLO-x,0.6030763573967398
1454,YOLO-x,0.5335552356962936
1455,YOLO-x,0.6960486322188449
1456,YOLO-x,0.7833122018957919
1457,YOLO-x,0.7105443929246094
1458,YOLO-x,0.5366533052517155
1459,YOLO-x,0.7324644313998607
1460,YOLO-x,0.696078431372549
1461,YOLO-x,0.7123409292690145
1462,YOLO-x,0.7232547243479619
1463,YOLO-x,0.7096774193548387
1464,YOLO-n,0.7838722200654429
1465,YOLO-n,0.6762570938366108
1466,YOLO-n,0.7350575094741041
1467,YOLO-n,0.7369248918600079
1468,YOLO-n,0.729454613373179
1469,YOLO-n,0.67033436598654
1470,YOLO-n,0.4453106355898497
1471,YOLO-n,0.8538871638643154
1472,YOLO-n,0.8376116071428571
1473,YOLO-n,0.6310906298003072
1474,YOLO-n,0.7044578976334618
1475,YOLO-n,0.3987557301899149
1476,YOLO-n,0.6650462414038416
1477,YOLO-n,0.675725406935598
1478,YOLO-n,0.74617878647522
1479,YOLO-n,0.7972309849281458
1480,YOLO-n,0.7086100786058132
1481,YOLO-n,0.8389385554136511
1482,YOLO-n,0.6696600384862091
1483,YOLO-n,0.7173062321126102
1484,YOLO-n,0.6726340369030722
1485,YOLO-n,0.6385331781140862
1486,YOLO-n,0.5979321270741266
1487,YOLO-n,0.3890203502129673
1488,YOLO-n,0.762008563643441
1489,YOLO-n,0.5148277767544668
1490,YOLO-n,0.49092608458602693
1491,YOLO-n,0.5278563712125109
1492,YOLO-n,0.7405412023999021
1493,YOLO-n,0.6057633353770693
1494,YOLO-n,0.6983312662081407
1495,YOLO-n,0.7233855119604256
1496,YOLO-n,0.7135915685737749
1497,YOLO-n,0.64812326435546
1498,YOLO-n,0.6933898404850197
1499,YOLO-n,0.67265321236808
1500,YOLO-n,0.6669315403422983
1501,YOLO-n,0.8452285485164395
1502,YOLO-n,0.7044358311800172
1503,YOLO-n,0.6176171477743878
1504,YOLO-n,0.6396416913383436
1505,YOLO-n,0.7969337434695571
1506,YOLO-n,0.7559754010017118
1507,YOLO-n,0.7125159939513784
1508,YOLO-n,0.5125305979717916
1509,YOLO-n,0.6839622641509434
1510,YOLO-n,0.7671051664584405
1511,YOLO-n,0.7658017800573239
1512,YOLO-n,0.45237059591126577
1513,YOLO-n,0.7882164624761435
1514,YOLO-n,0.6970798097251586
1515,YOLO-n,0.6593662628145387
1516,YOLO-n,0.7304128053917439
1517,YOLO-n,0.6918449197860963
1518,YOLO-n,0.6843408025013028
1519,YOLO-n,0.7488438058827157
1520,YOLO-n,0.7847371791140346
1521,YOLO-n,0.5235150109521969
1522,YOLO-n,0.823171838141898
1523,YOLO-n,0.732411031218713
1524,YOLO-n,0.7989317231769624
1525,YOLO-n,0.7129601915594134
1526,YOLO-n,0.8108535895986433
1527,YOLO-n,0.6116641843693659
1528,YOLO-n,0.7471504393978944
1529,YOLO-n,0.5921163220709363
1530,YOLO-n,0.6375762505083368
1531,YOLO-n,0.6181818181818182
1532,YOLO-n,0.6324222431668237
1533,YOLO-n,0.6750673503085078
1534,YOLO-n,0.6980626729756272
1535,YOLO-n,0.8526585904398162
1536,YOLO-n,0.8115829783572135
1537,YOLO-n,0.7436883343006384
1538,YOLO-n,0.7543939888925187
1539,YOLO-n,0.4178137651821862
1540,YOLO-n,0.7991769547325103
1541,YOLO-n,0.5734199485722019
1542,YOLO-n,0.48525537520183565
1543,YOLO-n,0.8143703478657147
1544,YOLO-n,0.3745152354570637
1545,YOLO-n,0.7268262356232514
1546,YOLO-n,0.7212927984649518
1547,YOLO-n,0.7789878283151825
1548,YOLO-n,0.6226255088195387
1549,YOLO-n,0.7393291502052831
1550,YOLO-n,0.7226339607791696
1551,YOLO-n,0.7082958969751423
1552,YOLO-n,0.8537130927527588
1553,YOLO-n,0.5078664402942841
1554,YOLO-n,0.672898572059473
1555,YOLO-n,0.6865208394915755
1556,YOLO-n,0.6597669879945591
1557,YOLO-n,0.6351650915879127
1558,YOLO-n,0.5591436090760367
1559,YOLO-n,0.3507542463475472
1560,YOLO-n,0.5972754363558961
1561,YOLO-n,0.7932009167303284
1562,YOLO-n,0.7873051889890726
1563,YOLO-n,0.7113669064748201
1564,YOLO-n,0.5803041274438813
1565,YOLO-n,0.6548689022500465
1566,YOLO-n,0.7210564777116609
1567,YOLO-n,0.7271839671120247
1568,YOLO-n,0.6426004312754572
1569,YOLO-n,0.6043183850772965
1570,YOLO-n,0.687418837369185
1571,YOLO-n,0.6950361539964823
1572,YOLO-n,0.6198300637261027
1573,YOLO-n,0.6523809523809524
1574,YOLO-n,0.6195186491935484
1575,YOLO-n,0.77172135615393
1576,YOLO-n,0.601227539583704
1577,YOLO-n,0.4812310797174571
1578,YOLO-n,0.6807575515422727
1579,YOLO-n,0.7321388198055618
1580,YOLO-n,0.5905380333951763
1581,YOLO-n,0.5746643435482218
1582,YOLO-n,0.7307445580122311
1583,YOLO-n,0.6266278646780647
1584,YOLO-n,0.5663567202028741
1585,YOLO-n,0.569199609931738
1586,YOLO-n,0.7721635748693246
1587,YOLO-n,0.7827896138482024
1588,YOLO-n,0.628382949932341
1589,YOLO-n,0.7654519971969166
1590,YOLO-n,0.5948654244306418
1591,YOLO-n,0.733147853736089
1592,YOLO-n,0.7252877374129683
1593,YOLO-n,0.6600599013389711
1594,YOLO-n,0.6967957914873266
1595,YOLO-n,0.6084979054458408
1596,YOLO-n,0.8
1597,YOLO-n,0.7206780827811721
1598,YOLO-n,0.42958459979736574
1599,YOLO-n,0.6191566751987068
1600,YOLO-n,0.5843244297133944
1601,YOLO-n,0.6720504731861199
1602,YOLO-n,0.6896880209573708
1603,YOLO-n,0.7822838847385272
1604,YOLO-n,0.6500423370025402
1605,YOLO-n,0.6567766990291262
1606,YOLO-n,0.6251913987084748
1607,YOLO-n,0.7702061627133673
1608,YOLO-n,0.5580736543909348
1609,YOLO-n,0.6190138849532445
1610,YOLO-n,0.8071729023688289
1611,YOLO-n,0.5583538741828314
1612,YOLO-n,0.7576539757653976
1613,YOLO-n,0.6018499200222547
1614,YOLO-n,0.751060046505266
1615,YOLO-n,0.7982122606897472
1616,YOLO-n,0.7709823885525592
1617,YOLO-n,0.7336911869419949
1618,YOLO-n,0.6862282181000562
1619,YOLO-n,0.6754206789222839
1620,YOLO-n,0.6309765285424515
1621,YOLO-n,0.5582661976625439
1622,YOLO-n,0.7555958862673926
1623,YOLO-n,0.7571863749653835
1624,YOLO-n,0.708968347010551
1625,YOLO-n,0.6776415252813708
1626,YOLO-n,0.5631007475970096
1627,YOLO-n,0.6849949899799599
1628,YOLO-n,0.7195539774496978
1629,YOLO-n,0.48140678179755453
1630,YOLO-n,0.5227455716586151
1631,YOLO-n,0.22317126587823038
1632,YOLO-n,0.48091603053435117
1633,YOLO-n,0.7497702578517758
1634,YOLO-n,0.7620543541788428
1635,YOLO-n,0.7189759624780144
1636,YOLO-n,0.7010309278350515
1637,YOLO-n,0.7398731440103792
1638,YOLO-n,0.8819628647214854
1639,YOLO-n,0.806514058945942
1640,YOLO-n,0.7907860238643052
1641,YOLO-n,0.6858231465311955
1642,YOLO-n,0.5287906518372518
1643,YOLO-n,0.7698265344013581
1644,YOLO-n,0.5322769190804001
1645,YOLO-n,0.689124638969118
1646,YOLO-n,0.7365275851029772
1647,YOLO-n,0.8184951513027223
1648,YOLO-n,0.6132617861249521
1649,YOLO-n,0.7769129936097001
1650,YOLO-n,0.6867659298991954
1651,YOLO-n,0.7180387963952956
1652,YOLO-n,0.7038662621829214
1653,YOLO-n,0.7923543280565847
1654,YOLO-n,0.6435354273192111
1655,YOLO-n,0.7759413157528204
1656,YOLO-n,0.5698947368421052
1657,YOLO-n,0.6357541110875856
1658,YOLO-n,0.6300777873811582
1659,YOLO-n,0.7031077457012147
1660,YOLO-n,0.616880497054789
1661,YOLO-n,0.6718146718146718
1662,YOLO-n,0.682998879494754
1663,YOLO-n,0.6989428159538683
1664,YOLO-n,0.6933638443935927
1665,YOLO-n,0.7790110226576853
1666,YOLO-n,0.6595212919350187
1667,YOLO-n,0.7340723646254018
1668,YOLO-n,0.7395507534830822
1669,YOLO-n,0.8457245724572457
1670,YOLO-n,0.47632446338130074
1671,YOLO-n,0.28738512949039263
1672,YOLO-n,0.742645300167424
1673,YOLO-n,0.6230123134632635
1674,YOLO-n,0.7546659801776291
1675,YOLO-n,0.7353075430788543
1676,YOLO-n,0.6873725790010193
1677,YOLO-n,0.6997912879552952
1678,YOLO-n,0.5640464955691104
1679,YOLO-n,0.7399871742552323
1680,YOLO-n,0.7722188076213891
1681,YOLO-n,0.5254820632749415
1682,YOLO-n,0.6642152466367713
1683,YOLO-n,0.6446953514393245
1684,YOLO-n,0.7526179367547953
1685,YOLO-n,0.7964747590752485
1686,YOLO-n,0.7043029259896729
1687,YOLO-n,0.6923348848170624
1688,YOLO-n,0.7124275877145043
1689,YOLO-n,0.4766889332690586
1690,YOLO-n,0.3524942186983812
1691,YOLO-n,0.7879408242883078
1692,YOLO-n,0.7475507982583455
1693,YOLO-n,0.684723938349483
1694,YOLO-n,0.5813953488372093
1695,YOLO-n,0.7312618896639188
1696,YOLO-n,0.7345205745341615
1697,YOLO-n,0.7547555140623177
1698,YOLO-n,0.7035912624953721
1699,YOLO-n,0.6416785657623354
1700,YOLO-n,0.6371359223300971
1701,YOLO-n,0.6945616149442603
1702,YOLO-n,0.4404788543298277
1703,YOLO-n,0.547361299052774
1704,YOLO-n,0.7113848522760081
1705,YOLO-n,0.5376344086021505
1706,YOLO-n,0.622478386167147
1707,YOLO-n,0.6397768296685264
1708,YOLO-n,0.640111005821037
1709,YOLO-n,0.6955537497097748
1710,YOLO-n,0.6080194410692588
1711,YOLO-n,0.7053530437976311
1712,YOLO-n,0.7650417215634607
1713,YOLO-n,0.7279508556384379
1714,YOLO-n,0.6756663602941176
1715,YOLO-n,0.5669443315725315
1716,YOLO-n,0.6598617191015833
1717,YOLO-n,0.6883478509210338
1718,YOLO-n,0.6893218104584737
1719,YOLO-n,0.7305527123848515
1720,YOLO-n,0.6291955247735749
1721,YOLO-n,0.8093002878958568
1722,YOLO-n,0.2807952449272392
1723,YOLO-n,0.6686845017249236
1724,YOLO-n,0.73475
1725,YOLO-n,0.6700325732899023
1726,YOLO-n,0.8505397597688916
1727,YOLO-n,0.49707234149719826
1728,YOLO-n,0.6870506319533792
1729,YOLO-n,0.7607380830343413
1730,YOLO-n,0.7602941176470588
1731,YOLO-n,0.6598195430984833
1732,YOLO-n,0.6515405826639492
1733,YOLO-n,0.723600796957073
1734,YOLO-n,0.8334996120164062
1735,YOLO-n,0.7336185975220335
1736,YOLO-n,0.6902682229264899
1737,YOLO-n,0.800190454850997
1738,YOLO-n,0.43844221105527637
1739,YOLO-n,0.7258521870286576
1740,YOLO-n,0.8214574646835522
1741,YOLO-n,0.5384615384615384
1742,YOLO-n,0.43960755214774505
1743,YOLO-n,0.7750234877502349
1744,YOLO-n,0.8184089414858645
1745,YOLO-n,0.6534255387584432
1746,YOLO-n,0.8366907474298416
1747,YOLO-n,0.7299167761717039
1748,YOLO-n,0.7274571114679287
1749,YOLO-n,0.4343117697349672
1750,YOLO-n,0.49295774647887325
1751,YOLO-n,0.7176487790612662
1752,YOLO-n,0.7445710071293944
1753,YOLO-n,0.7997895077720207
1754,YOLO-n,0.6089725578345977
1755,YOLO-n,0.770938600520594
1756,YOLO-n,0.8042539913672058
1757,YOLO-n,0.8587668082094834
1758,YOLO-n,0.8163934426229508
1759,YOLO-n,0.6981400495284261
1760,YOLO-n,0.7541777291894425
1761,YOLO-n,0.6123590312442226
1762,YOLO-n,0.7188895979578813
1763,YOLO-n,0.7791521990740741
1764,YOLO-n,0.6603586644208858
1765,YOLO-n,0.8033131413030041
1766,YOLO-n,0.7247477270456589
1767,YOLO-n,0.8357094365241005
1768,YOLO-n,0.6801760883236672
1769,YOLO-n,0.5801982428474882
1770,YOLO-n,0.7864963503649635
1771,YOLO-n,0.6456582633053222
1772,YOLO-n,0.7466414156359117
1773,YOLO-n,0.6326113116726835
1774,YOLO-n,0.7891212022214963
1775,YOLO-n,0.8183453237410072
1776,YOLO-n,0.8069937038546904
1777,YOLO-n,0.7876861397479954
1778,YOLO-n,0.7279277852561564
1779,YOLO-n,0.7438999798346441
1780,YOLO-n,0.74620089539063
1781,YOLO-n,0.8067914947635672
1782,YOLO-n,0.7520391517128875
1783,YOLO-n,0.2677603853100542
1784,YOLO-n,0.7860655284822365
1785,YOLO-n,0.7871299871299872
1786,YOLO-n,0.739616796695732
1787,YOLO-n,0.7112779500571242
1788,YOLO-n,0.802912292583813
1789,YOLO-n,0.4688847812692545
1790,YOLO-n,0.6710079961230918
1791,YOLO-n,0.5521728842968688
1792,YOLO-n,0.8298098114439637
1793,YOLO-n,0.805552420720009
1794,YOLO-n,0.8381284676542927
1795,YOLO-n,0.6175080355454717
1796,YOLO-n,0.764898145332928
1797,YOLO-n,0.6531890660592256
1798,YOLO-n,0.8023323333010742
1799,YOLO-n,0.6460374639769453
1800,YOLO-n,0.40664464736739847
1801,YOLO-n,0.6208679190330566
1802,YOLO-n,0.6151849880223582
1803,YOLO-n,0.7515145292124448
1804,YOLO-n,0.6490892291446674
1805,YOLO-n,0.7721734202323605
1806,YOLO-n,0.6606746560142033
1807,YOLO-n,0.8298963937039251
1808,YOLO-n,0.5876930742401595
1809,YOLO-n,0.33358866334737647
1810,YOLO-n,0.6606270115627607
1811,YOLO-n,0.5097502565856996
1812,YOLO-n,0.6666271206548819
1813,YOLO-n,0.715160295354706
1814,YOLO-n,0.7196839953593724
1815,YOLO-n,0.6644873391448733
1816,YOLO-n,0.7792152097777142
1817,YOLO-n,0.5861053031743014
1818,YOLO-n,0.6864675342188659
1819,YOLO-n,0.7396807925151349
1820,YOLO-n,0.7863910932133128
1821,YOLO-n,0.7834320778671181
1822,YOLO-n,0.6476652516676774
1823,YOLO-n,0.7828168149739184
1824,YOLO-n,0.7094618055555556
1825,YOLO-n,0.5028735632183908
1826,YOLO-n,0.7180449295843282
1827,YOLO-n,0.7821642580190342
1828,YOLO-n,0.7866934367211299
1829,YOLO-n,0.8118709804114095
1830,YOLO-n,0.720881427072403
1831,YOLO-n,0.7649018881895594
1832,YOLO-n,0.3206288170097263
1833,YOLO-n,0.8270868824531517
1834,YOLO-n,0.7324151074151074
1835,YOLO-n,0.7751536962063278
1836,YOLO-n,0.5945848635414417
1837,YOLO-n,0.7405678353658537
1838,YOLO-n,0.7403781979977753
1839,YOLO-n,0.7832228621101814
1840,YOLO-n,0.5106741573033707
1841,YOLO-n,0.16810198300283286
1842,YOLO-n,0.7928530635555193
1843,YOLO-n,0.600458170711013
1844,YOLO-n,0.5154639175257731
1845,YOLO-n,0.7105742935278031
1846,YOLO-n,0.766574305602487
1847,YOLO-n,0.22927291272038466
1848,YOLO-n,0.5628337218921561
1849,YOLO-n,0.6274239288725377
1850,YOLO-n,0.7563318777292577
1851,YOLO-n,0.7289601015308955
1852,YOLO-n,0.6901766687289476
1853,YOLO-n,0.817456093666844
1854,YOLO-n,0.5660953899295869
1855,YOLO-n,0.6832190544929628
1856,YOLO-n,0.6211733705339844
1857,YOLO-n,0.8103990845372622
1858,YOLO-n,0.623352165725047
1859,YOLO-n,0.7660595792743188
1860,YOLO-n,0.7341588643914225
1861,YOLO-n,0.5602285351531503
1862,YOLO-n,0.6265637642372565
1863,YOLO-n,0.6509209744503862
1864,YOLO-n,0.8772187538254377
1865,YOLO-n,0.7640498388080509
1866,YOLO-n,0.6390502220703792
1867,YOLO-n,0.7344202898550725
1868,YOLO-n,0.8062109741946178
1869,YOLO-n,0.7380303823991619
1870,YOLO-n,0.810348560294436
1871,YOLO-n,0.709250896224219
1872,YOLO-n,0.7640943193997857
1873,YOLO-n,0.8007049268255306
1874,YOLO-n,0.7530047265361243
1875,YOLO-n,0.7212422026963579
1876,YOLO-n,0.6260323368616959
1877,YOLO-n,0.735072463768116
1878,YOLO-n,0.7170542635658915
1879,YOLO-n,0.5637501613111369
1880,YOLO-n,0.7406905055487053
1881,YOLO-n,0.6391604074493261
1882,YOLO-n,0.7700853701321483
1883,YOLO-n,0.7912162162162162
1884,YOLO-n,0.7193599437313171
1885,YOLO-n,0.7714655810510733
1886,YOLO-n,0.6760396625721474
1887,YOLO-n,0.7525263540530716
1888,YOLO-n,0.7469793426010134
1889,YOLO-n,0.5941558441558441
1890,YOLO-n,0.8196777122106219
1891,YOLO-n,0.5549597855227882
1892,YOLO-n,0.6169956305559741
1893,YOLO-n,0.7002985937198998
1894,YOLO-n,0.735966219572777
1895,YOLO-n,0.6632368072909011
1896,YOLO-n,0.4754864188017723
1897,YOLO-n,0.828992628992629
1898,YOLO-n,0.5608894702419882
1899,YOLO-n,0.4542093765753655
1900,YOLO-n,0.538069317163922
1901,YOLO-n,0.7435335748588761
1902,YOLO-n,0.7139602138287617
1903,YOLO-n,0.7300336945633367
1904,YOLO-n,0.750779563444471
1905,YOLO-n,0.592948717948718
1906,YOLO-n,0.7340814630091438
1907,YOLO-n,0.5769503044032281
1908,YOLO-n,0.6509677419354839
1909,YOLO-n,0.7254263972710575
1910,YOLO-n,0.8065154902587033
1911,YOLO-n,0.6834684525907649
1912,YOLO-n,0.723205759200764
1913,YOLO-n,0.7530264415418924
1914,YOLO-n,0.8076024302850912
1915,YOLO-n,0.6690094802222949
1916,YOLO-n,0.8021116138763198
1917,YOLO-n,0.6486727818816462
1918,YOLO-n,0.5656270008231958
1919,YOLO-n,0.6226840004094585
1920,YOLO-n,0.6259612169842862
1921,YOLO-n,0.650827836855566
1922,YOLO-n,0.6857124858258788
1923,YOLO-n,0.739915324003293
1924,YOLO-n,0.650650759219089
1925,YOLO-n,0.6563170933113129
1926,YOLO-n,0.4637876386687797
1927,YOLO-n,0.707179449105353
1928,YOLO-n,0.7435149978876214
1929,YOLO-n,0.6670199236964816
1930,YOLO-n,0.5302540673055494
1931,YOLO-n,0.6230156422631854
1932,YOLO-n,0.6476688530402411
1933,YOLO-n,0.8216479259189265
1934,YOLO-n,0.747979319886405
1935,YOLO-n,0.7024730426629161
1936,YOLO-n,0.7640944326990838
1937,YOLO-n,0.7729103726082578
1938,YOLO-n,0.6333485038115827
1939,YOLO-n,0.7648881452562434
1940,YOLO-n,0.7540175899065248
1941,YOLO-n,0.6373333333333333
1942,YOLO-n,0.5758254057078903
1943,YOLO-n,0.7260902114916713
1944,YOLO-n,0.7796591163938102
1945,YOLO-n,0.689225329767463
1946,YOLO-n,0.5461816796800609
1947,YOLO-n,0.6740409271456584
1948,YOLO-n,0.6219178082191781
1949,YOLO-n,0.7428217703918861
1950,YOLO-n,0.6761819803746655
1951,YOLO-n,0.697559989215422
